{"cameraMode":{"drawMode":0,"name":"Shaded","section":"Shading Mode"},"sceneLighting":true,"audioPlay":false,"sceneViewState":{"showFog":true,"showMaterialUpdate":false,"showSkybox":true,"showFlares":true,"showImageEffects":true,"showParticleSystems":true},"in2DMode":false,"pivot":{"x":-1.3523582220077515,"y":0.055257707834243777,"z":-0.5637863278388977},"rotation":{"x":0.005677131935954094,"y":-0.06834946572780609,"z":-0.000390321365557611,"w":-0.9976526498794556},"size":9.21478271484375,"orthographic":true}