{"cameraMode":{"drawMode":0,"name":"Shaded","section":"Shading Mode"},"sceneLighting":false,"audioPlay":false,"sceneViewState":{"showFog":true,"showMaterialUpdate":false,"showSkybox":false,"showFlares":true,"showImageEffects":true,"showParticleSystems":true},"in2DMode":false,"pivot":{"x":4.062331199645996,"y":3.2849998474121095,"z":5.787732124328613},"rotation":{"x":-0.05275566875934601,"y":0.03354354575276375,"z":-0.001774879521690309,"w":-0.9980499744415283},"size":1.5170429944992066,"orthographic":true}