{"cameraMode":{"drawMode":0,"name":"Shaded","section":"Shading Mode"},"sceneLighting":false,"audioPlay":false,"sceneViewState":{"showFog":true,"showMaterialUpdate":false,"showSkybox":false,"showFlares":true,"showImageEffects":true,"showParticleSystems":true},"in2DMode":false,"pivot":{"x":-9.506720542907715,"y":0.8474254608154297,"z":1.1208678483963013},"rotation":{"x":-0.07324632257223129,"y":0.11552122980356217,"z":-0.008542167022824288,"w":-0.9905657172203064},"size":1.5073950290679932,"orthographic":false}