{"cameraMode":{"drawMode":0,"name":"Shaded","section":"Shading Mode"},"sceneLighting":true,"audioPlay":false,"sceneViewState":{"showFog":true,"showMaterialUpdate":false,"showSkybox":true,"showFlares":true,"showImageEffects":true,"showParticleSystems":true},"in2DMode":false,"pivot":{"x":15.453787803649903,"y":3.4131972789764406,"z":11.413116455078125},"rotation":{"x":0.35090431571006777,"y":-0.11698554456233978,"z":0.04423941671848297,"w":0.9280331134796143},"size":8.193981170654297,"orthographic":true}