{"cameraMode":{"drawMode":0,"name":"Shaded","section":"Shading Mode"},"sceneLighting":false,"audioPlay":false,"sceneViewState":{"showFog":true,"showMaterialUpdate":false,"showSkybox":false,"showFlares":true,"showImageEffects":true,"showParticleSystems":true},"in2DMode":false,"pivot":{"x":-9.713071823120118,"y":4.651678085327148,"z":-1.6961989402770997},"rotation":{"x":-0.05275566875934601,"y":0.03354354575276375,"z":-0.001774879521690309,"w":-0.9980499744415283},"size":1.0080205202102662,"orthographic":true}